Paman,Uncle,angkel,https://images.unsplash.com/photo-1500648767791-00dcc994a43e?w=500
Bibi,Aunt,ant,https://images.unsplash.com/photo-1544005313-94ddf0286df2?w=500
Anak,Child,caild,https://images.unsplash.com/photo-1503454537195-1dcabb73ffb9?w=500
Anak laki-laki,Son,,https://images.unsplash.com/photo-1503919545889-aef636e10ad4?w=500
Anak perempuan,Daughter,,https://images.unsplash.com/photo-1519345182560-3f2917c472ef?w=500
Cucu,Grandchild,gren-caild,https://images.unsplash.com/photo-1515488042361-ee00e0ddd4e4?w=500
Keponakan laki-laki,Nephew,nefyu,https://images.unsplash.com/photo-1503919545889-aef636e10ad4?w=500
Keponakan perempuan,Niece,niis,https://images.unsplash.com/photo-1519345182560-3f2917c472ef?w=500
Sepupu,Cousin,kasen,https://images.unsplash.com/photo-1516627145497-ae6968895b74?w=500
Suami,Husband,hasbend,https://images.unsplash.com/photo-1500648767791-00dcc994a43e?w=500
Istri,Wife,waif,https://images.unsplash.com/photo-1494790108377-be9c29b29330?w=500
Orang tua,Parents,perents,https://images.unsplash.com/photo-1511895426328-dc8714191300?w=500
Saudara,Sibling,sibling,https://images.unsplash.com/photo-1516627145497-ae6968895b74?w=500
Bayi laki-laki,Baby Boy,bebi boi,https://images.unsplash.com/photo-1515488042361-ee00e0ddd4e4?w=500
Bayi perempuan,Baby Girl,bebi gerl,https://images.unsplash.com/photo-1515488042361-ee00e0ddd4e4?w=500
Keluarga,Family,femili,https://images.unsplash.com/photo-1511895426328-dc8714191300?w=500
Menantu laki-laki,Son-in-law,san in lo,https://images.unsplash.com/photo-1500648767791-00dcc994a43e?w=500
Menantu perempuan,Daughter-in-law,doter in lo,https://images.unsplash.com/photo-1494790108377-be9c29b29330?w=500
Saudara laki-laki,Brother,brader,https://images.unsplash.com/photo-1506794778202-cad84cf45f1d?w=500
Saudara perempuan,Sister,sister,https://images.unsplash.com/photo-1494790108377-be9c29b29330?w=500